"","gross","budget"
"Avatar",4.703818257915,0.900883725548551
"Avengers: Endgame",4.57012238204363,2.57903677891132
"Titanic",2.97354177218891,0.379105045091221
"Star Wars: Episodio VII - El despertar de la Fuerza",2.61960940339917,1.01370073753933
"Avengers: Infinity War",2.56307667833131,2.57903677891132
"Spider-Man: No Way Home",2.16868724089111,0.379105045091221
"Jurassic World",1.5505782516421,-0.326001279851119
"The Avengers",1.14413207188885,0.661147575068156
"Furious 7",1.13475460564537,0.238083780102753
"Frozen II",0.959797878302673,-0.326001279851119
"Avengers: Age of Ultron",0.833336047819131,1.08421137003356
"Black Panther",0.685440008779056,0.379105045091221
"Harry Potter y las Reliquias de la Muerte: parte 2",0.671239845610353,1.08421137003356
"Star Wars: Episodio VIII - Los últimos Jedi",0.645518795342514,2.02905384545629
"Jurassic World: El reino caído",0.586038866598136,-0.043958749874183
"Frozen",0.508339860580705,-0.326001279851119
"La bella y la bestia",0.462524239791117,-0.184980014862651
"Los Increíbles 2",0.409474573613699,0.379105045091221
"Top Gun: Maverick",0.39018378591282,-0.043958749874183
"Iron Man 3",0.329632146740615,0.379105045091221
"The Fate of the Furious",0.386432799415426,1.08421137003356
"Minions",0.181200252486627,-1.39776289376347
"Capitán América: Civil War",0.16485666846227,1.08421137003356
"Aquaman",0.151996143328351,-0.184980014862651
"El Señor de los Anillos: el retorno del Rey",0.145297953154435,-1.11572036378654
"Spider-Man: Lejos de casa",0.107520160573546,-0.184980014862651
"Capitana Marvel",0.0984106219370196,-0.297797026853425
"Transformers: el lado oscuro de la luna",0.0858180244100566,0.308594412596987
"Skyfall",0.0450930281526445,0.379105045091221
"Transformers: la era de la extinción",0.0330362858395949,0.520126310079688
"Jurassic Park",0.0212474711335024,-1.55288628525079
"The Dark Knight Rises",-0.0197454527308661,0.802168840056624
"Joker",-0.0465382134265318,-1.66570329724156
"Star Wars: Episodio IX - El ascenso de Skywalker",-0.0470740686404453,1.43676453250473
"Toy Story 4",-0.0492174894960984,0.379105045091221
"Toy Story 3",-0.0663648563413247,0.379105045091221
"Pirates of the Caribbean: Dead Man's Chest",-0.0685082771969779,0.73165820756239
"El rey león",-0.0754743949778513,-1.80672456223003
"Rogue One: una historia de Star Wars",-0.0955689654996006,1.29574326751626
"Aladdín",-0.11003705627526,0.139368894610825
"Pirates of the Caribbean: On Stranger Tides",-0.123433436623093,1.08421137003356
"Despicable Me 3",-0.152637545781369,-1.31315013477039
"Buscando a Dory",-0.169249057412681,0.379105045091221
"Star Wars: Episodio I - La amenaza fantasma",-0.173267971517031,-0.819575707310756
"Alicia en el país de las maravillas",-0.177554813228338,0.379105045091221
"Zootopia",-0.181305799725731,-0.326001279851119
"Harry Potter y la piedra filosofal",-0.186128496650951,-0.678554442322288
"El hobbit: un viaje inesperado",-0.200328659819653,2.0008495924586
"The Dark Knight",-0.229532768977929,0.167573147608519
"Harry Potter y las reliquias de la Muerte: parte 1",-0.307499702602316,1.08421137003356
"Despicable Me 2",-0.324111214233629,-1.36955864076578
"El libro de la selva",-0.335364173725809,0.0265518826200509
"Jumanji: Welcome to the jungle",-0.346349205611032,-1.17212886978193
"El hobbit: la batalla de los Cinco Ejércitos",-0.347152988431902,1.08421137003356
"Piratas del Caribe: en el fin del mundo",-0.350368119715382,1.93033895996437
"El hobbit: la desolación de Smaug",-0.355726671854515,0.73165820756239
"Doctor Strange en el Multiverso de la Locura",-0.375017459555394,0.379105045091221
"El Señor de los Anillos: las dos torres",-0.38653834665453,-1.11572036378654
"Harry Potter y la Orden del Fénix",-0.400738509823233,-0.326001279851119
"Buscando a Nemo",-0.405561206748453,-1.11572036378654
"Harry Potter y el misterio del Príncipe",-0.421368935558896,1.08421137003356
"Shrek 2",-0.436640809155425,-0.326001279851119
"Bohemian Rhapsody",-0.484063995586754,-1.7080096767381
"The Battle at Lake Changjin",-0.508177480212853,0.379105045091221
"El Señor de los Anillos: la comunidad del Anillo",-0.519966294918946,-1.12982249028539
"Harry Potter y el cáliz de fuego",-0.522645570988512,-0.326001279851119
"Spider-Man 3",-0.527200340306775,1.19702838202433
"Ice Age 3: Dawn of the Dinosaurs",-0.549438331684178,-1.17212886978193
"Spectre",-0.565513988101577,1.01370073753933
"Spider-Man: Homecoming",-0.566853626136361,0.0265518826200509
"Harry Potter y la cámara secreta",-0.568461191778101,-1.03110760479346
"Ice Age 4: Continental Drift",-0.57489145434506,-1.10161823728769
"La vida secreta de tus mascotas",-0.579446223663324,-1.38366076726463
"Batman v Superman: Dawn of Justice",-0.5845368481955,1.08421137003356
"Wolf Warrior 2",-0.59337845922507,-2.01684624706285
"Star Wars: Episodio lll - La venganza de los Sith",-0.598469083757246,-0.847779960308449
"Los juegos del hambre: en llamas",-0.607578622393773,-0.608043809828054
"Guardianes de la Galaxia Vol. 2",-0.610793753677253,0.379105045091221
"Inside-Out",-0.624190134025086,0.0265518826200509
"Venom",-0.631424179412915,-1.03110760479346
"Thor: Ragnarok",-0.637050659159005,0.0970625151142848
"Inception",-0.68313420755555,-0.184980014862651
"Transformes: La venganza de los caídos",-0.684473845590334,0.379105045091221
"La saga Crepúsculo: Amanecer Parte 2",-0.702157067649473,-0.749065074816522
"Spider-Man",-0.714749665176436,-0.467022544839586
"Jurassic World: Dominion",-0.716089303211219,-0.184980014862651
"Wonder Woman",-0.720644072529482,-0.340103406349965
"Hi, Mom",-0.722787493385135,-1.60929479124618
"Independence Day",-0.735112163305142,-1.38366076726463
"Animales fantásticos y donde encontrarlos",-0.744221701941668,0.0970625151142848
"Shrek Tercero",-0.745829267583408,-0.184980014862651
"Coco",-0.760833213572981,0.0265518826200509
"Jumanji: The Next Level",-0.781463639308643,-0.678554442322288
"Harry Potter y el prisionero de Azkaban",-0.788697684696473,-0.608043809828054
"Piratas del Caribe: La venganza de Salazar",-0.79539587487039,0.802168840056624
"E.T. el extraterrestre",-0.800754427009523,-2.29324792644024
"Misión Imposible: Repercusión",-0.803969558293002,0.0688582621165913
"2012",-0.805309196327786,0.379105045091221
"Indiana Jones y el reino de la calavera de cristal",-0.806648834362569,0.167573147608519
