"","gross","budget"
"Avatar",2847.4,237
"Avengers: Endgame",2797.5,356
"Titanic",2201.6,200
"Star Wars: Episodio VII - El despertar de la Fuerza",2069.5,245
"Avengers: Infinity War",2048.4,356
"Spider-Man: No Way Home",1901.2,200
"Jurassic World",1670.5,150
"The Avengers",1518.8,220
"Furious 7",1515.3,190
"Frozen II",1450,150
"Avengers: Age of Ultron",1402.8,250
"Black Panther",1347.6,200
"Harry Potter y las Reliquias de la Muerte: parte 2",1342.3,250
"Star Wars: Episodio VIII - Los últimos Jedi",1332.7,317
"Jurassic World: El reino caído",1310.5,170
"Frozen",1281.5,150
"La bella y la bestia",1264.4,160
"Los Increíbles 2",1244.6,200
"Top Gun: Maverick",1237.4,170
"Iron Man 3",1214.8,200
"The Fate of the Furious",1236,250
"Minions",1159.4,74
"Capitán América: Civil War",1153.3,250
"Aquaman",1148.5,160
"El Señor de los Anillos: el retorno del Rey",1146,94
"Spider-Man: Lejos de casa",1131.9,160
"Capitana Marvel",1128.5,152
"Transformers: el lado oscuro de la luna",1123.8,195
"Skyfall",1108.6,200
"Transformers: la era de la extinción",1104.1,210
"Jurassic Park",1099.7,63
"The Dark Knight Rises",1084.4,230
"Joker",1074.4,55
"Star Wars: Episodio IX - El ascenso de Skywalker",1074.2,275
"Toy Story 4",1073.4,200
"Toy Story 3",1067,200
"Pirates of the Caribbean: Dead Man's Chest",1066.2,225
"El rey león",1063.6,45
"Rogue One: una historia de Star Wars",1056.1,265
"Aladdín",1050.7,183
"Pirates of the Caribbean: On Stranger Tides",1045.7,250
"Despicable Me 3",1034.8,80
"Buscando a Dory",1028.6,200
"Star Wars: Episodio I - La amenaza fantasma",1027.1,115
"Alicia en el país de las maravillas",1025.5,200
"Zootopia",1024.1,150
"Harry Potter y la piedra filosofal",1022.3,125
"El hobbit: un viaje inesperado",1017,315
"The Dark Knight",1006.1,185
"Harry Potter y las reliquias de la Muerte: parte 1",977,250
"Despicable Me 2",970.8,76
"El libro de la selva",966.6,175
"Jumanji: Welcome to the jungle",962.5,90
"El hobbit: la batalla de los Cinco Ejércitos",962.2,250
"Piratas del Caribe: en el fin del mundo",961,310
"El hobbit: la desolación de Smaug",959,225
"Doctor Strange en el Multiverso de la Locura",951.8,200
"El Señor de los Anillos: las dos torres",947.5,94
"Harry Potter y la Orden del Fénix",942.2,150
"Buscando a Nemo",940.4,94
"Harry Potter y el misterio del Príncipe",934.5,250
"Shrek 2",928.8,150
"Bohemian Rhapsody",911.1,52
"The Battle at Lake Changjin",902.1,200
"El Señor de los Anillos: la comunidad del Anillo",897.7,93
"Harry Potter y el cáliz de fuego",896.7,150
"Spider-Man 3",895,258
"Ice Age 3: Dawn of the Dinosaurs",886.7,90
"Spectre",880.7,245
"Spider-Man: Homecoming",880.2,175
"Harry Potter y la cámara secreta",879.6,100
"Ice Age 4: Continental Drift",877.2,95
"La vida secreta de tus mascotas",875.5,75
"Batman v Superman: Dawn of Justice",873.6,250
"Wolf Warrior 2",870.3,30.1
"Star Wars: Episodio lll - La venganza de los Sith",868.4,113
"Los juegos del hambre: en llamas",865,130
"Guardianes de la Galaxia Vol. 2",863.8,200
"Inside-Out",858.8,175
"Venom",856.1,100
"Thor: Ragnarok",854,180
"Inception",836.8,160
"Transformes: La venganza de los caídos",836.3,200
"La saga Crepúsculo: Amanecer Parte 2",829.7,120
"Spider-Man",825,140
"Jurassic World: Dominion",824.5,160
"Wonder Woman",822.8,149
"Hi, Mom",822,59
"Independence Day",817.4,75
"Animales fantásticos y donde encontrarlos",814,180
"Shrek Tercero",813.4,160
"Coco",807.8,175
"Jumanji: The Next Level",800.1,125
"Harry Potter y el prisionero de Azkaban",797.4,130
"Piratas del Caribe: La venganza de Salazar",794.9,230
"E.T. el extraterrestre",792.9,10.5
"Misión Imposible: Repercusión",791.7,178
"2012",791.2,200
"Indiana Jones y el reino de la calavera de cristal",790.7,185
