"","Movie","gross","budget"
"1","Avatar","$2 847 397 339","$237 000 000"
"2","Avengers: Endgame","$2 797 501 328","$356 000 000"
"3","Titanic","$2 201 647 264","$200 000 000"
"4","Star Wars: Episodio VII - El despertar de la Fuerza","$2 069 521 700","$245 000 000"
"5","Avengers: Infinity War","$2 048 359 754","$356 000 000"
"6","Spider-Man: No Way Home","$1 901 207 419","$200 000 000"
"7","Jurassic World","$1 670 516 444","$150 000 000"
"8","The Avengers","$1 518 815 515","$220 000 000"
"9","Furious 7","$1 515 341 399","$190 000 000"
"10","Frozen II","$1 450 026 933","$150 000 000"
"11","Avengers: Age of Ultron","$1 402 809 540","$250 000 000"
"12","Black Panther","$1 347 597 973","$200 000 000"
"13","Harry Potter y las Reliquias de la Muerte: parte 2","$1 342 321 665","$250 000 000"
"14","Star Wars: Episodio VIII - Los últimos Jedi","$1 332 698 830","$317 000 000"
"15","Jurassic World: El reino caído","$1 310 466 296","$170 000 000"
"16","Frozen","$1 281 508 100","$150 000 000"
"17","La bella y la bestia","$1 264 434 525","$160 000 000"
"18","Los Increíbles 2","$1 244 639 527","$200 000 000"
"19","Top Gun: Maverick","$1 237 362 568","$170 000 000"
"20","Iron Man 3","$1 214 811 252","$200 000 000"
"21","The Fate of the Furious","$1 236 005 118","$250 000 000"
"22","Minions","$1 159 444 662","$74 000 000"
"23","Capitán América: Civil War","$1 153 337 496","$250 000 000"
"24","Aquaman","$1 148 485 886","$160 000 000"
"25","El Señor de los Anillos: el retorno del Rey","$1 146 030 912","$94 000 000"
"26","Spider-Man: Lejos de casa","$1 131 927 996","$160 000 000"
"27","Capitana Marvel","$1 128 462 972","$152 000 000"
"28","Transformers: el lado oscuro de la luna","$1 123 794 079","$195 000 000"
"29","Skyfall","$1 108 569 499","$200 000 000"
"30","Transformers: la era de la extinción","$1 104 054 072","$210 000 000"
"31","Jurassic Park","$1 099 699 003","$63 000 000"
"32","The Dark Knight Rises","$1 084 439 099","$230 000 000"
"33","Joker","$1 074 419 384","$55 000 000"
"34","Star Wars: Episodio IX - El ascenso de Skywalker","$1 074 232 589","$275 000 000"
"35","Toy Story 4","$1 073 394 593","$200 000 000"
"36","Toy Story 3","$1 066 970 811","$200 000 000"
"37","Pirates of the Caribbean: Dead Man's Chest","$1 066 179 747","$225 000 000"
"38","El rey león","$1 063 611 805","$45 000 000"
"39","Rogue One: una historia de Star Wars","$1 056 057 720","$265 000 000"
"40","Aladdín","$1 050 693 953","$183 000 000"
"41","Pirates of the Caribbean: On Stranger Tides","$1 045 713 802","$250 000 000"
"42","Despicable Me 3","$1 034 800 131","$80 000 000"
"43","Buscando a Dory","$1 028 570 942","$200 000 000"
"44","Star Wars: Episodio I - La amenaza fantasma","$1 027 082 707","$115 000 000"
"45","Alicia en el país de las maravillas","$1 025 468 216","$200 000 000"
"46","Zootopia","$1 024 121 104","$150 000 000"
"47","Harry Potter y la piedra filosofal","$1 022 290 019","$125 000 000"
"48","El hobbit: un viaje inesperado","$1 017 003 568","$315 000 000"
"49","The Dark Knight","$1 006 102 277","$185 000 000"
"50","Harry Potter y las reliquias de la Muerte: parte 1","$977 043 483","$250 000 000"
"51","Despicable Me 2","$970 766 005","$76 000 000"
"52","El libro de la selva","$966 554 929","$175 000 000"
"53","Jumanji: Welcome to the jungle","$962 542 945","$90 000 000"
"54","El hobbit: la batalla de los Cinco Ejércitos","$962 182 865","$250 000 000"
"55","Piratas del Caribe: en el fin del mundo","$960 996 492","$310 000 000"
"56","El hobbit: la desolación de Smaug","$959 007 513","$225 000 000"
"57","Doctor Strange en el Multiverso de la Locura","$951 810 432","$200 000 000"
"58","El Señor de los Anillos: las dos torres","$947 495 095","$94 000 000"
"59","Harry Potter y la Orden del Fénix","$942 172 396","$150 000 000"
"60","Buscando a Nemo","$940 352 645","$94 000 000"
"61","Harry Potter y el misterio del Príncipe","$934 454 096","$250 000 000"
"62","Shrek 2","$928 760 770","$150 000 000"
"63","Bohemian Rhapsody","$911 100 727","$52 000 000"
"64","The Battle at Lake Changjin","$902 111 856","200 000 000"
"65","El Señor de los Anillos: la comunidad del Anillo","$897 690 072","$93 000 000"
"66","Harry Potter y el cáliz de fuego","$896 678 241","$150 000 000"
"67","Spider-Man 3","$894 983 373","$258 000 000"
"68","Ice Age 3: Dawn of the Dinosaurs","$886 686 817","$90 000 000"
"69","Spectre","$880 681 519","$245 000 000"
"70","Spider-Man: Homecoming","$880 166 924","$175 000 000"
"71","Harry Potter y la cámara secreta","$879 602 366","$100 000 000"
"72","Ice Age 4: Continental Drift","$877 244 782","$95 000 000"
"73","La vida secreta de tus mascotas","$875 458 631","$75 000 000"
"74","Batman v Superman: Dawn of Justice","$873 637 528","$250 000 000"
"75","Wolf Warrior 2","$870 325 439","$30 100 000"
"76","Star Wars: Episodio lll - La venganza de los Sith","$868 390 560","$113 000 000"
"77","Los juegos del hambre: en llamas","$865 011 746","$130 000 000"
"78","Guardianes de la Galaxia Vol. 2","$863 756 051","$200 000 000"
"79","Inside-Out","$858 848 019","$175 000 000"
"80","Venom","$856 085 151","$100 000 000"
"81","Thor: Ragnarok","$853 983 911","$180 000 000"
"82","Inception","$836 836 967","$160 000 000"
"83","Transformes: La venganza de los caídos","$836 303 693","$200 000 000"
"84","La saga Crepúsculo: Amanecer Parte 2","$829 747 654","$120 000 000"
"85","Spider-Man","$825 025 036","$140 000 000"
"86","Jurassic World: Dominion","$824 513 935","$160 000 000"
"87","Wonder Woman","$822 824 522","$149 000 000"
"88","Hi, Mom","$822 009 764","$59 000 000"
"89","Independence Day","$817 400 891","$75 000 000"
"90","Animales fantásticos y donde encontrarlos","$814 044 001","$180 000 000"
"91","Shrek Tercero","$813 367 380","$160 000 000"
"92","Coco","$807 817 888","$175 000 000"
"93","Jumanji: The Next Level","$800 059 707","$125 000 000"
"94","Harry Potter y el prisionero de Azkaban","$797 361 618","$130 000 000"
"95","Piratas del Caribe: La venganza de Salazar","$794 881 442","$230 000 000"
"96","E.T. el extraterrestre","$792 910 554","$10 500 000"
"97","Misión Imposible: Repercusión","$791 657 398","$178 000 000"
"98","2012","$791 217 826","$200 000 000"
"99","Indiana Jones y el reino de la calavera de cristal","$790 653 942","$185 000 000"
